Workbook

Sheet 原始数据
A1: 月份 | B1: 产品 | C1: 销售数量 | D1: 单价(元) | E1: 销售额(元)
A2: 2025-01 | B2: 产品A | C2: 120 | D2: 89.9 | E2: 10788
A3: 2025-01 | B3: 产品B | C3: 80 | D3: 129 | E3: 10320
A4: 2025-01 | B4: 产品C | C4: 60 | D4: 199 | E4: 11940
A5: 2025-02 | B5: 产品A | C5: 126 | D5: 89.9 | E5: 11327.4
A6: 2025-02 | B6: 产品B | C6: 86 | D6: 129 | E6: 11094
A7: 2025-02 | B7: 产品C | C7: 66 | D7: 199 | E7: 13134
A8: 2025-03 | B8: 产品A | C8: 132 | D8: 89.9 | E8: 11866.8
A9: 2025-03 | B9: 产品B | C9: 92 | D9: 129 | E9: 11868
A10: 2025-03 | B10: 产品C | C10: 72 | D10: 199 | E10: 14328
A11: 2025-04 | B11: 产品A | C11: 138 | D11: 89.9 | E11: 12406.2
A12: 2025-04 | B12: 产品B | C12: 98 | D12: 129 | E12: 12642
A13: 2025-04 | B13: 产品C | C13: 78 | D13: 199 | E13: 15522
... A37: 2025-12 | B37: 产品C | C37: 86 | D37: 199 | E37: 17114

Sheet 汇总公式
A1: 按产品汇总
A3: 产品 | B3: 销售数量合计 | C3: 销售额合计(元) | D3: 平均单价(元)
A4: 产品A | B4: =SUMIF(原始数据!$B$2:$B$37,A4,原始数据!$C$2:$C$37) | C4: =SUMIF(原始数据!$B$2:$B$37,A4,原始数据!$E$2:$E$37) | D4: =C4/B4
A5: 产品B | B5: =SUMIF(原始数据!$B$2:$B$37,A5,原始数据!$C$2:$C$37) | C5: =SUMIF(原始数据!$B$2:$B$37,A5,原始数据!$E$2:$E$37) | D5: =C5/B5
A6: 产品C | B6: =SUMIF(原始数据!$B$2:$B$37,A6,原始数据!$C$2:$C$37) | C6: =SUMIF(原始数据!$B$2:$B$37,A6,原始数据!$E$2:$E$37) | D6: =C6/B6
A8: 按月汇总
A10: 月份 | B10: 销售额合计(元) | C10: 环比增长率
A11: 2025-01 | B11: =SUMIF(原始数据!$A$2:$A$37,A11,原始数据!$E$2:$E$37)
A12: 2025-02 | B12: =SUMIF(原始数据!$A$2:$A$37,A12,原始数据!$E$2:$E$37) | C12: =(B12-B11)/B11
A13: 2025-03 | B13: =SUMIF(原始数据!$A$2:$A$37,A13,原始数据!$E$2:$E$37) | C13: =(B13-B12)/B12
A14: 2025-04 | B14: =SUMIF(原始数据!$A$2:$A$37,A14,原始数据!$E$2:$E$37) | C14: =(B14-B13)/B13
A15: 2025-05 | B15: =SUMIF(原始数据!$A$2:$A$37,A15,原始数据!$E$2:$E$37) | C15: =(B15-B14)/B14
A16: 2025-06 | B16: =SUMIF(原始数据!$A$2:$A$37,A16,原始数据!$E$2:$E$37) | C16: =(B16-B15)/B15
A17: 2025-07 | B17: =SUMIF(原始数据!$A$2:$A$37,A17,原始数据!$E$2:$E$37) | C17: =(B17-B16)/B16
A18: 2025-08 | B18: =SUMIF(原始数据!$A$2:$A$37,A18,原始数据!$E$2:$E$37) | C18: =(B18-B17)/B17
A19: 2025-09 | B19: =SUMIF(原始数据!$A$2:$A$37,A19,原始数据!$E$2:$E$37) | C19: =(B19-B18)/B18
A20: 2025-10 | B20: =SUMIF(原始数据!$A$2:$A$37,A20,原始数据!$E$2:$E$37) | C20: =(B20-B19)/B19
A21: 2025-11 | B21: =SUMIF(原始数据!$A$2:$A$37,A21,原始数据!$E$2:$E$37) | C21: =(B21-B20)/B20
A22: 2025-12 | B22: =SUMIF(原始数据!$A$2:$A$37,A22,原始数据!$E$2:$E$37) | C22: =(B22-B21)/B21
A24: 总计
A26: 总销售额(元) | B26: =SUM(原始数据!E2:E37)
A27: 总销售数量 | B27: =SUM(原始数据!C2:C37)
A28: 平均单价(元) | B28: =B26/B27
